block,source,reliability,instruction
AI_high,AI,high,"在接下来的8个情境中，你将接收到来自AI助手的建议。
该AI基于大量数据进行训练，在类似问题中的建议有效率约为80%，
历史整体表现较为稳定。

（注：请一定仔细阅读这段话并记住！你接下来看到的建议都将来自这个历史可靠性较高的AI）

请你根据自己的真实想法进行判断，并参考所提供的建议做出决策。
在做完8个决策后，你将判断该AI的历史可靠性，并对该AI进行信任评分。"
AI_low,AI,low,"在接下来的8个情境中，你将接收到来自AI助手的建议。
该AI在类似问题中的建议有效率约为50%，历史整体表现相对一般，不稳定。

（注：请一定仔细阅读这段话并记住！你接下来看到的建议都将来自这个历史可靠性较低的AI）

请你根据自己的真实想法进行判断，并参考所提供的建议做出决策。
在做完8个决策后，你将判断该AI的历史可靠性，并对该AI进行信任评分。"
human_high,人类（一位他人）,high,"在接下来的8个情境中，你将接收来自一位他人的建议。
该人士在类似问题中具有较丰富的经验，其建议有效率约为80%，
历史整体表现较为稳定。

（注：请一定仔细阅读这段话并记住！你接下来看到的建议都将来自这个历史可靠性较高的人类）

请你根据自己的真实想法进行判断，并参考所提供的建议做出决策。
在做完8个决策后，你将判断该人士的历史可靠性，并对该AI进行信任评分。"
human_low,人类（一位他人）,low,"在接下来的8个情境中，你将接收来自一位他人的建议。
该人士在类似问题中的经验相对有限，其建议有效率约为50%，
历史整体表现相对一般，不稳定。

（注：请一定仔细阅读这段话并记住！你接下来看到的建议都将来自这个历史可靠性较低的人类）

请你根据自己的真实想法进行判断，并参考所提供的建议做出决策。
在做完8个决策后，你将判断该人士的历史可靠性，并对该AI进行信任评分。"
